h3_index,H3_int_index_8
888c12b455fffff,614953740727746559
888d808155fffff,614978878366023679
888c12b451fffff,614953740723552255
888c12b457fffff,614953740729843711
888c12b711fffff,614953741461749759
888c12b73dfffff,614953741507887103
888c12b72bfffff,614953741489012735
888c12b41bfffff,614953740666929151
888c12b6a7fffff,614953741350600703
888c12b707fffff,614953741451263999
888c12b4c9fffff,614953740849381375
888d8081a9fffff,614978878454104063
888d80810bfffff,614978878288429055
888c12b6a3fffff,614953741346406399
888d8081ebfffff,614978878523310079
888c12b6b5fffff,614953741365280767
888d8081abfffff,614978878456201215
888d808109fffff,614978878286331903
888d808143fffff,614978878347149311
888d808111fffff,614978878294720511
888c12b419fffff,614953740664831999
888c12b4cdfffff,614953740853575679
888c12b409fffff,614953740648054783
888d808185fffff,614978878416355327
888c12b417fffff,614953740662734847
888c12b719fffff,614953741470138367
888d8081e3fffff,614978878514921471
888c12b6a5fffff,614953741348503551
888d808113fffff,614978878296817663
888d80816bfffff,614978878389092351
888c12b6b7fffff,614953741367377919
888d80811dfffff,614978878307303423
888d808157fffff,614978878368120831
888d808147fffff,614978878351343615
888c12b443fffff,614953740708872191
888d80815dfffff,614978878374412287
888c12b40bfffff,614953740650151935
888c12b6e3fffff,614953741413515263
888c12b723fffff,614953741480624127
